{
  "name": "maplebirch",
  "nickName": {
    "en": "maplebirchFramework",
    "cn": "秋枫白桦框架"
  },
  "alias": ["Simple Frameworks"], 
  "version": "2.7.1",
  "imgFileList": [],
  "styleFileList": ["styles/maplebirch-styles.css"],
  "scriptFileList": [
    "data/defineSugarCube.js",
    "data/vanillaNPCSchedule.js"
  ],
  "scriptFileList_preload":[
    "data/state-variables-v1.js"
  ],
  "scriptFileList_earlyload": [

  ],
  "scriptFileList_inject_early": [
    "scriptEarly/maplebirch-core.js",
    "scriptEarly/Utils/Utils.js",
    "data/framework-data.js",
    "data/modifyWeather.js",
    "scriptEarly/addonPlugin.js",
    "scriptEarly/Utils/TimeEvents.js",
    "scriptEarly/Utils/StateEvents.js",
    "scriptEarly/Utils/FrameworksUtils.js",
    "scriptEarly/Utils/NPC-clothes.js",
    "scriptEarly/Utils/NPC-model.js",
    "scriptEarly/Utils/Transformation.js",
    "scriptEarly/modules/TimeState.js",
    "scriptEarly/modules/Tools.js",
    "scriptEarly/SFCompatible.js",
    "scriptEarly/modules/Audio.js",
    "scriptEarly/modules/State-Variables.js",
    "scriptEarly/modules/Character.js",
    "scriptEarly/modules/NamedNPC.js",
    "scriptEarly/modules/Combat.js",
    "scriptEarly/modules/Internals.js",
    "scriptEarly/modules/Shop.js"
  ],
  "tweeFileList": [

  ],
  "additionDir": [
    
  ],
  "additionBinaryFile": [

  ],
  "additionFile": [
    "README.md",
    "translations/en.yaml",
    "translations/cn.yaml",
    "data/npcClothesData.yaml"
  ],
  "addonPlugin": [
    {
      "modName": "ModdedClothesAddon",
      "addonName": "ModdedClothesAddon",
      "modVersion": "^1.1.0",
      "params": {

      }
    },
    {
      "modName": "TweeReplacer",
      "addonName": "TweeReplacerAddon",
      "modVersion": "1.0.0",
      "params": [
      ]
    },
    {
      "modName": "ModLoader DoL ImageLoaderHook",
      "addonName": "ImageLoaderAddon",
      "modVersion": "^2.3.0",
      "params": []
    },
    {
      "modName": "ReplacePatcher",
      "addonName": "ReplacePatcherAddon",
      "modVersion": "1.0.0",
      "params": {
        "js": [
          
        ]
      }
    },
    {
      "modName": "ModdedFeatsAddon",
      "addonName": "ModdedFeatsAddon",
      "modVersion": "^1.0.0",
      "params": {
        "feats": [

        ]
      }
    },
    {
      "modName": "BeautySelectorAddon",
      "addonName": "BeautySelectorAddon",
      "modVersion": "^2.0.0",
      "params": {
       "types": [
        ]
      }
    }
  ]
}